Code,Indicator Name,Long definition,Source
SE.PRM.TENR,"Adjusted net enrollment rate, primary (% of primary school age children)","Adjusted net enrollment is the number of pupils of the school-age group for primary education, enrolled either in primary or secondary education, expressed as a percentage of the total population in that age group.","United Nations Educational, Scientific, and Cultural Organization (UNESCO) Institute for Statistics."
SP.ADO.TFRT,"Adolescent fertility rate (births per 1,000 women ages 15-19)","Adolescent fertility rate is the number of births per 1,000 women ages 15-19.","United Nations Population Division, World Population Prospects."
NY.AGR.SUBS.GD.ZS,Agricultural support estimate (% of GDP),"Agriculture support is the annual monetary value of all gross transfers from taxpayers and consumers, both domestic and foreign (in the form of subsidies arising from policy measures that support agriculture), net of the associated budgetary receipts, regardless of their objectives and impacts on farm production and income, or consumption of farm products.","Organisation for Economic Co-operation and Development, Producer and Consumer Support Estimates database. Available online at www.oecd.org/tad/support/psecse."
SH.DYN.AIDS.DH,AIDS estimated deaths (UNAIDS estimates),AIDS deaths are the estimated number of adults and children who died due to AIDS-related causes.,UNAIDS estimates.
ER.H2O.FWTL.ZS,"Annual freshwater withdrawals, total (% of internal resources)","Annual freshwater withdrawals refer to total water withdrawals, not counting evaporation losses from storage basins. Withdrawals also include water from desalination plants in countries where they are a significant source. Withdrawals can exceed 100 percent of total renewable resources where extraction from nonrenewable aquifers or desalination plants is considerable or where there is significant water reuse. Withdrawals for agriculture and industry are total withdrawals for irrigation and livestock production and for direct industrial use (including withdrawals for cooling thermoelectric plants). Withdrawals for domestic uses include drinking water, municipal use or supply, and use for public services, commercial establishments, and homes. Data are for the most recent year available for 1987-2002.","Food and Agriculture Organization, AQUASTAT data."
SH.HIV.ARTC.ZS,Antiretroviral therapy coverage (% of people living with HIV),Antiretroviral therapy coverage indicates the percentage of all people living with HIV who are receiving antiretroviral therapy.,UNAIDS estimates.
SH.STA.ARIC.ZS,ARI treatment (% of children under 5 taken to a health provider),"Children with acute respiratory infection (ARI) who are taken to a health provider refers to the percentage of children under age five with ARI in the last two weeks who were taken to an appropriate health provider, including hospital, health center, dispensary, village health worker, clinic, and private physician.","UNICEF, State of the World's Children, Childinfo, and Demographic and Health Surveys."
TM.TAX.AGRI.CD.DV,Average tariffs imposed by developed countries on agricultural products from developing countries (%),"It is the average tariffs imposed by developed countries on subsets of selected items (agricultural products, textile and clothing exports) that are deemed to be of interest to developing countries. For the purpose of calculating this indicator, Japan in Asia, Canada and the United States in North America, Australia and New Zealand in Oceania and Iceland, Norway, Switzerland and the EU (25 countries included since 2004) in Europe are considered “developed” regions or areas, following the common accepted practice used for MDG indicators. Developing countries are those not listed as developed or transition countries. The list of least developed countries (LDCs) has been agreed by the General Assembly, on the recommendation of the Committee for Development Policy, Economic and Social Council. Agricultural, clothing and textile groups follow the definition in WTO agreements based on the Harmonized System 1992, transposed to current versions by WTO Secretariat. Agricultural products correspond to Harmonized System 1992, chapters 01 to 24 less fish and fish products (chap. 03); in addition to parts of chapters 29, 33, 35, 38, 41, 43, 50 to 53. Textile is mainly covered in chapters 50 to 60. The bulk of clothing products are found in chapters 61-63.","United Nations Conference on Trade and Development, World Trade Organization, and International Trade Center. Data are available online at: www.mdg-trade.org."
TM.TAX.AGRI.CD.LD,Average tariffs imposed by developed countries on agricultural products from least developed countries (%),"It is the average tariffs imposed by developed countries on subsets of selected items (agricultural products, textile and clothing exports) that are deemed to be of interest to developing countries. For the purpose of calculating this indicator, Japan in Asia, Canada and the United States in North America, Australia and New Zealand in Oceania and Iceland, Norway, Switzerland and the EU (25 countries included since 2004) in Europe are considered “developed” regions or areas, following the common accepted practice used for MDG indicators. Developing countries are those not listed as developed or transition countries. The list of least developed countries (LDCs) has been agreed by the General Assembly, on the recommendation of the Committee for Development Policy, Economic and Social Council. Agricultural, clothing and textile groups follow the definition in WTO agreements based on the Harmonized System 1992, transposed to current versions by WTO Secretariat. Agricultural products correspond to Harmonized System 1992, chapters 01 to 24 less fish and fish products (chap. 03); in addition to parts of chapters 29, 33, 35, 38, 41, 43, 50 to 53. Textile is mainly covered in chapters 50 to 60. The bulk of clothing products are found in chapters 61-63.","United Nations Conference on Trade and Development, World Trade Organization, and International Trade Center. Data are available online at: www.mdg-trade.org."
TM.TAX.CLTH.CD.DV,Average tariffs imposed by developed countries on clothing products from developing countries (%),"It is the average tariffs imposed by developed countries on subsets of selected items (agricultural products, textile and clothing exports) that are deemed to be of interest to developing countries. For the purpose of calculating this indicator, Japan in Asia, Canada and the United States in North America, Australia and New Zealand in Oceania and Iceland, Norway, Switzerland and the EU (25 countries included since 2004) in Europe are considered “developed” regions or areas, following the common accepted practice used for MDG indicators. Developing countries are those not listed as developed or transition countries. The list of least developed countries (LDCs) has been agreed by the General Assembly, on the recommendation of the Committee for Development Policy, Economic and Social Council. Agricultural, clothing and textile groups follow the definition in WTO agreements based on the Harmonized System 1992, transposed to current versions by WTO Secretariat. Agricultural products correspond to Harmonized System 1992, chapters 01 to 24 less fish and fish products (chap. 03); in addition to parts of chapters 29, 33, 35, 38, 41, 43, 50 to 53. Textile is mainly covered in chapters 50 to 60. The bulk of clothing products are found in chapters 61-63.","United Nations Conference on Trade and Development, World Trade Organization, and International Trade Center. Data are available online at: www.mdg-trade.org."
TM.TAX.CLTH.CD.LD,Average tariffs imposed by developed countries on clothing products from least developed countries (%),"It is the average tariffs imposed by developed countries on subsets of selected items (agricultural products, textile and clothing exports) that are deemed to be of interest to developing countries. For the purpose of calculating this indicator, Japan in Asia, Canada and the United States in North America, Australia and New Zealand in Oceania and Iceland, Norway, Switzerland and the EU (25 countries included since 2004) in Europe are considered “developed” regions or areas, following the common accepted practice used for MDG indicators. Developing countries are those not listed as developed or transition countries. The list of least developed countries (LDCs) has been agreed by the General Assembly, on the recommendation of the Committee for Development Policy, Economic and Social Council. Agricultural, clothing and textile groups follow the definition in WTO agreements based on the Harmonized System 1992, transposed to current versions by WTO Secretariat. Agricultural products correspond to Harmonized System 1992, chapters 01 to 24 less fish and fish products (chap. 03); in addition to parts of chapters 29, 33, 35, 38, 41, 43, 50 to 53. Textile is mainly covered in chapters 50 to 60. The bulk of clothing products are found in chapters 61-63.","United Nations Conference on Trade and Development, World Trade Organization, and International Trade Center. Data are available online at: www.mdg-trade.org."
TM.TAX.TXTL.CD.DV,Average tariffs imposed by developed countries on textile products from developing countries (%),"It is the average tariffs imposed by developed countries on subsets of selected items (agricultural products, textile and clothing exports) that are deemed to be of interest to developing countries. For the purpose of calculating this indicator, Japan in Asia, Canada and the United States in North America, Australia and New Zealand in Oceania and Iceland, Norway, Switzerland and the EU (25 countries included since 2004) in Europe are considered “developed” regions or areas, following the common accepted practice used for MDG indicators. Developing countries are those not listed as developed or transition countries. The list of least developed countries (LDCs) has been agreed by the General Assembly, on the recommendation of the Committee for Development Policy, Economic and Social Council. Agricultural, clothing and textile groups follow the definition in WTO agreements based on the Harmonized System 1992, transposed to current versions by WTO Secretariat. Agricultural products correspond to Harmonized System 1992, chapters 01 to 24 less fish and fish products (chap. 03); in addition to parts of chapters 29, 33, 35, 38, 41, 43, 50 to 53. Textile is mainly covered in chapters 50 to 60. The bulk of clothing products are found in chapters 61-63.","United Nations Conference on Trade and Development, World Trade Organization, and International Trade Center. Data are available online at: www.mdg-trade.org."
TM.TAX.TXTL.CD.LD,Average tariffs imposed by developed countries on textile products from least developed countries (%),"It is the average tariffs imposed by developed countries on subsets of selected items (agricultural products, textile and clothing exports) that are deemed to be of interest to developing countries. For the purpose of calculating this indicator, Japan in Asia, Canada and the United States in North America, Australia and New Zealand in Oceania and Iceland, Norway, Switzerland and the EU (25 countries included since 2004) in Europe are considered “developed” regions or areas, following the common accepted practice used for MDG indicators. Developing countries are those not listed as developed or transition countries. The list of least developed countries (LDCs) has been agreed by the General Assembly, on the recommendation of the Committee for Development Policy, Economic and Social Council. Agricultural, clothing and textile groups follow the definition in WTO agreements based on the Harmonized System 1992, transposed to current versions by WTO Secretariat. Agricultural products correspond to Harmonized System 1992, chapters 01 to 24 less fish and fish products (chap. 03); in addition to parts of chapters 29, 33, 35, 38, 41, 43, 50 to 53. Textile is mainly covered in chapters 50 to 60. The bulk of clothing products are found in chapters 61-63.","United Nations Conference on Trade and Development, World Trade Organization, and International Trade Center. Data are available online at: www.mdg-trade.org."
DC.ODA.UNTD.ZS,Bilateral ODA commitments that is untied (% of bilateral ODA commitments),"Bilateral official development assistance (ODA) commitments are firm obligations, expressed in writing and backed by the necessary funds, undertaken by official bilateral donors to provide specified assistance to a recipient country or a multilateral organization. Bilateral commitments are recorded in the full amount of expected transfer, irrespective of the time required for completing disbursements. Untied bilateral official development assistance is assistance from country to country for which the associated goods and services may be fully and freely procured in substantially all countries.","Development Assistance Committee of the Organisation for Economic Co-operation and Development, Geographical Distribution of Financial Flows to Developing Countries, Development Co-operation Report, and International Development Statistics database. Data are available online at: www.oecd.org/dac/stats/idsonline."
DC.ODA.UNTD.CD,Bilateral ODA commitments that is untied (current US$),"Bilateral official development assistance (ODA) commitments are firm obligations, expressed in writing and backed by the necessary funds, undertaken by official bilateral donors to provide specified assistance to a recipient country or a multilateral organization. Bilateral commitments are recorded in the full amount of expected transfer, irrespective of the time required for completing disbursements. Untied bilateral official development assistance is assistance from country to country for which the associated goods and services may be fully and freely procured in substantially all countries. OECD DAC.","Development Assistance Committee of the Organisation for Economic Co-operation and Development, Geographical Distribution of Financial Flows to Developing Countries, Development Co-operation Report, and International Development Statistics database. Data are available online at: www.oecd.org/dac/stats/idsonline."
DC.ODA.SOCL.ZS,"Bilateral, sector-allocable ODA to basic social services (% of bilateral ODA commitments)","Bilateral official development assistance (ODA) commitments are firm obligations, expressed in writing and backed by the necessary funds, undertaken by official bilateral donors to provide specified assistance to a recipient country or a multilateral organization. Bilateral commitments are recorded in the full amount of expected transfer, irrespective of the time required for completing disbursements. Total sector-allocable aid is the sum of aid that can be assigned to specific sectors or multisector activities. Basic social services consists of, primary education, basic life skills for youth and adults and early childhood education, basic health care, basic health infrastructure, basic nutrition, infectious disease control, health education and health personnel development, population policy and administrative management, reproductive health care, family planning, sexually transmitted disease (STD) control including HIV/AIDS, personnel development (population & reproductive health), basic drinking water supply and basic sanitation, and multi-sector aid for basic social services.","Development Assistance Committee of the Organisation for Economic Co-operation and Development, Geographical Distribution of Financial Flows to Developing Countries, Development Co-operation Report, and International Development Statistics database. Data are available online at: www.oecd.org/dac/stats/idsonline."
DC.ODA.SOCL.CD,"Bilateral, sector-allocable ODA to basic social services (current US$)","Bilateral official development assistance (ODA) commitments are firm obligations, expressed in writing and backed by the necessary funds, undertaken by official bilateral donors to provide specified assistance to a recipient country or a multilateral organization. Bilateral commitments are recorded in the full amount of expected transfer, irrespective of the time required for completing disbursements. Total sector-allocable aid is the sum of aid that can be assigned to specific sectors or multisector activities. Basic social services consists of, primary education, basic life skills for youth and adults and early childhood education, basic health care, basic health infrastructure, basic nutrition, infectious disease control, health education and health personnel development, population policy and administrative management, reproductive health care, family planning, sexually transmitted disease (STD) control including HIV/AIDS, personnel development (population & reproductive health), basic drinking water supply and basic sanitation, and multi-sector aid for basic social services. OECD DAC.","Development Assistance Committee of the Organisation for Economic Co-operation and Development, Geographical Distribution of Financial Flows to Developing Countries, Development Co-operation Report, and International Development Statistics database. Data are available online at: www.oecd.org/dac/stats/idsonline."
SH.STA.BRTC.ZS,Births attended by skilled health staff (% of total),"Births attended by skilled health staff are the percentage of deliveries attended by personnel trained to give the necessary supervision, care, and advice to women during pregnancy, labor, and the postpartum period; to conduct deliveries on their own; and to care for newborns.","UNICEF, State of the World's Children, Childinfo, and Demographic and Health Surveys."
SH.HIV.ORPH,Children orphaned by HIV/AIDS,Number of children orphaned by HIV/AIDS is the estimated number of children who have lost their mother or both parents to AIDS before age 15 since the epidemic began. Some of the orphaned children included in this cumulative total are no longer alive; others are no longer under age 15.,UNAIDS estimates.
SH.MLR.TRET.ZS,Children with fever receiving antimalarial drugs (% of children under age 5 with fever),Malaria treatment refers to the percentage of children under age five who were ill with fever in the last two weeks and received any appropriate (locally defined) anti-malarial drugs.,"UNICEF, State of the World's Children, Childinfo, and Demographic and Health Surveys."
EN.ATM.CO2E.PP.GD,CO2 emissions (kg per PPP $ of GDP),"Carbon dioxide emissions are those stemming from the burning of fossil fuels and the manufacture of cement. They include carbon dioxide produced during consumption of solid, liquid, and gas fuels and gas flaring.","Carbon Dioxide Information Analysis Center, Environmental Sciences Division, Oak Ridge National Laboratory, Tennessee, United States."
EN.ATM.CO2E.KT,CO2 emissions (kt),"Carbon dioxide emissions are those stemming from the burning of fossil fuels and the manufacture of cement. They include carbon dioxide produced during consumption of solid, liquid, and gas fuels and gas flaring.","Carbon Dioxide Information Analysis Center, Environmental Sciences Division, Oak Ridge National Laboratory, Tennessee, United States."
EN.ATM.CO2E.PC,CO2 emissions (metric tons per capita),"Carbon dioxide emissions are those stemming from the burning of fossil fuels and the manufacture of cement. They include carbon dioxide produced during consumption of solid, liquid, and gas fuels and gas flaring.","Carbon Dioxide Information Analysis Center, Environmental Sciences Division, Oak Ridge National Laboratory, Tennessee, United States."
SH.HIV.1524.KW.FE.ZS,"Comprehensive correct knowledge of HIV/AIDS, ages 15-24, female (2 prevent ways and reject 3 misconceptions)","The percent of female respondents ages 15-24 who correctly identify the two major ways of preventing the sexual transmission of HIV (using condoms and limiting sex to one faithful, uninfected partner), who reject the two most common local misconceptions about HIV transmission, and who know that a healthy-looking person can have HIV.",Household surveys such as Demographic and Health Surveys and Multiple Indicator Cluster Surveys.  Largely compiled by UNICEF.
SH.HIV.1524.KW.MA.ZS,"Comprehensive correct knowledge of HIV/AIDS, ages 15-24, male (2 prevent ways and reject 3 misconceptions)","The percent of male respondents ages 15-24 who correctly identify the two major ways of preventing the sexual transmission of HIV (using condoms and limiting sex to one faithful, uninfected partner), who reject the two most common local misconceptions about HIV transmission, and who know that a healthy-looking person can have HIV.",Household surveys such as Demographic and Health Surveys and Multiple Indicator Cluster Surveys.  Largely compiled by UNICEF.
SH.CON.AIDS.FE.ZS,"Condom use at last high-risk sex, adult female (% ages 15-49)",Condom use at last high-risk sex is the percentage of the population ages 15-49 who used a condom at last intercourse with a non-marital and non-cohabiting sexual partner in the last 12 months.,"Demographic and Health Surveys, and UNAIDS."
SH.CON.AIDS.MA.ZS,"Condom use at last high-risk sex, adult male (% ages 15-49)",Condom use at last high-risk sex is the percentage of the population ages 15-49 who used a condom at last intercourse with a non-marital and non-cohabiting sexual partner in the last 12 months.,"Demographic and Health Surveys, and UNAIDS."
SH.CON.1524.FE.ZS,"Condom use, population ages 15-24, female (% of females ages 15-24)",Condom use is the percentage of the population ages 15-24 who used a condom at last intercourse in the last 12 months.,"Demographic and Health Surveys, and UNAIDS."
SH.CON.1524.MA.ZS,"Condom use, population ages 15-24, male (% of males ages 15-24)",Condom use is the percentage of the population ages 15-24 who used a condom at last intercourse in the last 12 months.,"Demographic and Health Surveys, and UNAIDS."
SP.DYN.CONU.ZS,"Contraceptive prevalence, any methods (% of women ages 15-49)","Contraceptive prevalence rate is the percentage of women who are practicing, or whose sexual partners are practicing, any form of contraception. It is usually measured for women ages 15-49 who are married or in union.","UNICEF's State of the World's Children and Childinfo, United Nations Population Division's World Contraceptive Use, household surveys including Demographic and Health Surveys and Multiple Indicator Cluster Surveys."
SL.FAM.WORK.FE.ZS,"Contributing family workers, female (% of female employment)",Contributing family workers are those workers who hold "self-employment jobs" as own-account workers in a market-oriented establishment operated by a related person living in the same household.,"International Labour Organization, Key Indicators of the Labour Market database."
SL.FAM.WORK.MA.ZS,"Contributing family workers, male (% of male employment)",Contributing family workers are those workers who hold "self-employment jobs" as own-account workers in a market-oriented establishment operated by a related person living in the same household.,"International Labour Organization, Key Indicators of the Labour Market database."
SL.FAM.WORK.ZS,"Contributing family workers, total (% of total employment)",Contributing family workers are those workers who hold "self-employment jobs" as own-account workers in a market-oriented establishment operated by a related person living in the same household.,"International Labour Organization, Key Indicators of the Labour Market database."
DT.HPC.TOTL.PV,"Debt relief committed under HIPC and MDRI initiatives, cumulative US$ in end-2012 NPV terms","Debt relief is committed as of the decision point (assuming full participation of creditors) under the enhanced HIPC Initiative. It is calculated as the amount needed to bring the net present value (NPV) of the country's debt level to the thresholds established by the HIPC Initiative (150 percent of exports or in certain cases 250 percent of fiscal revenues). Topping-up assistance and assistance provided under the original HIPC Initiative were committed in net present value terms as of the decision point and are converted to end-2012 terms. Debt relief delivered in full under MDRI initiative is the net present value of debt relief from International Development Association, International Monetary Fund, African Development Fund, and Inter-American Development Bank and delivered to countries having reached the HIPC completion point converted to end-2012 terms.","World Bank, Economic Policy and Debt Department."
DT.HPC.COMR.PV,"Debt relief committed under HIPC initiative, cumulative US$ in end-2012 NPV terms",Debt relief is committed as of the decision point (assuming full participation of creditors) under the enhanced HIPC Initiative. It is calculated as the amount needed to bring the net present value (NPV) of the country's debt level to the thresholds established by the HIPC Initiative (150 percent of exports or in certain cases 250 percent of fiscal revenues). Topping-up assistance and assistance provided under the original HIPC Initiative were committed in net present value terms as of the decision point and are converted to end-2012 terms.,"World Bank, Economic Policy and Debt Department."
DT.HPC.MDRI.PV,"Debt relief delivered in full under MDRI initiative, cumulative US$ in end-2012 NPV terms","Debt relief delivered in full under MDRI initiative is the net present value of debt relief from International Development Association, International Monetary Fund, African Development Fund, and Inter-American Development Bank and delivered to countries having reached the HIPC completion point converted to end-2012 terms.","World Bank, Economic Policy and Debt Department."
DT.TDS.DPPF.XP.ZS,"Debt service (PPG and IMF only, % of exports of goods, services and primary income)","Debt service is the sum of principle repayments and interest actually paid in currency, goods, or services. This series differs from the standard debt to exports series. It covers only long-term public and publicly guaranteed debt and repayments (repurchases and charges) to the IMF. Data for Heavily Indebted Poor Countries (HIPC) are from HIPC Initiative's Status of Implementation Report.","World Bank, International Debt Statistics."
SL.EMP.TOTL.SP.FE.ZS,"Employment to population ratio, 15+, female (%) (modeled ILO estimate)",Employment to population ratio is the proportion of a country's population that is employed. Ages 15 and older are generally considered the working-age population.,"International Labour Organization, Key Indicators of the Labour Market database."
SL.EMP.TOTL.SP.MA.ZS,"Employment to population ratio, 15+, male (%) (modeled ILO estimate)",Employment to population ratio is the proportion of a country's population that is employed. Ages 15 and older are generally considered the working-age population.,"International Labour Organization, Key Indicators of the Labour Market database."
SL.EMP.TOTL.SP.ZS,"Employment to population ratio, 15+, total (%) (modeled ILO estimate)",Employment to population ratio is the proportion of a country's population that is employed. Ages 15 and older are generally considered the working-age population.,"International Labour Organization, Key Indicators of the Labour Market database."
SL.EMP.1524.SP.FE.ZS,"Employment to population ratio, ages 15-24, female (%) (modeled ILO estimate)",Employment to population ratio is the proportion of a country's population that is employed. Ages 15-24 are generally considered the youth population.,"International Labour Organization, Key Indicators of the Labour Market database."
SL.EMP.1524.SP.MA.ZS,"Employment to population ratio, ages 15-24, male (%) (modeled ILO estimate)",Employment to population ratio is the proportion of a country's population that is employed. Ages 15-24 are generally considered the youth population.,"International Labour Organization, Key Indicators of the Labour Market database."
SL.EMP.1524.SP.ZS,"Employment to population ratio, ages 15-24, total (%) (modeled ILO estimate)",Employment to population ratio is the proportion of a country's population that is employed. Ages 15-24 are generally considered the youth population.,"International Labour Organization, Key Indicators of the Labour Market database."
EG.USE.COMM.GD.PP.KD,"Energy use (kg of oil equivalent) per $1,000 GDP (constant 2011 PPP)","Energy use per PPP GDP is the kilogram of oil equivalent of energy use per constant PPP GDP. Energy use refers to use of primary energy before transformation to other end-use fuels, which is equal to indigenous production plus imports and stock changes, minus exports and fuels supplied to ships and aircraft engaged in international transport. PPP GDP is gross domestic product converted to 2011 constant international dollars using purchasing power parity rates. An international dollar has the same purchasing power over GDP as a U.S. dollar has in the United States.","IEA Statistics © OECD/IEA 2014 (http://www.iea.org/stats/index.asp), subject to https://www.iea.org/t&c/termsandconditions/"
SP.DYN.TFRT.IN,"Fertility rate, total (births per woman)",Total fertility rate represents the number of children that would be born to a woman if she were to live to the end of her childbearing years and bear children in accordance with age-specific fertility rates of the specified year.,"(1) United Nations Population Division. World Population Prospects, (2) Census reports and other statistical publications from national statistical offices, (3) Eurostat: Demographic Statistics, (4) United Nations Statistical Division. Population and Vital Statistics Reprot (various years), (5) U.S. Census Bureau: International Database, and (6) Secretariat of the Pacific Community: Statistics and Demography Programme."
IT.MLT.MAIN.P2,Fixed telephone subscriptions (per 100 people),"Fixed telephone subscriptions refers to the sum of active number of analogue fixed telephone lines, voice-over-IP (VoIP) subscriptions, fixed wireless local loop (WLL) subscriptions, ISDN voice-channel equivalents and fixed public payphones.","International Telecommunication Union, World Telecommunication/ICT Development Report and database."
AG.LND.FRST.ZS,Forest area (% of land area),"Forest area is land under natural or planted stands of trees of at least 5 meters in situ, whether productive or not, and excludes tree stands in agricultural production systems (for example, in fruit plantations and agroforestry systems) and trees in urban parks and gardens.","Food and Agriculture Organization, electronic files and web site."
AG.LND.FRST.K2,Forest area (sq. km),"Forest area is land under natural or planted stands of trees of at least 5 meters in situ, whether productive or not, and excludes tree stands in agricultural production systems (for example, in fruit plantations and agroforestry systems) and trees in urban parks and gardens.","Food and Agriculture Organization, electronic files and web site."
SL.GDP.PCAP.EM.KD,GDP per person employed (constant 2011 PPP $),GDP per person employed is gross domestic product (GDP) divided by total employment in the economy. Purchasing power parity (PPP) GDP is GDP converted to 2011 constant international dollars using PPP rates. An international dollar has the same purchasing power over GDP that a U.S. dollar has in the United States.,"International Labour Organization, Key Indicators of the Labour Market database."
EG.GDP.PUSE.KO.PP.KD,GDP per unit of energy use (constant 2011 PPP $ per kg of oil equivalent),GDP per unit of energy use is the PPP GDP per kilogram of oil equivalent of energy use. PPP GDP is gross domestic product converted to 2011 constant international dollars using purchasing power parity rates. An international dollar has the same purchasing power over GDP as a U.S. dollar has in the United States.,"IEA Statistics © OECD/IEA 2014 (http://www.iea.org/stats/index.asp), subject to https://www.iea.org/t&c/termsandconditions/"
NY.GNP.PCAP.CD,"GNI per capita, Atlas method (current US$)","GNI per capita (formerly GNP per capita) is the gross national income, converted to U.S. dollars using the World Bank Atlas method, divided by the midyear population. GNI is the sum of value added by all resident producers plus any product taxes (less subsidies) not included in the valuation of output plus net receipts of primary income (compensation of employees and property income) from abroad. GNI, calculated in national currency, is usually converted to U.S. dollars at official exchange rates for comparisons across economies, although an alternative rate is used when the official exchange rate is judged to diverge by an exceptionally large margin from the rate actually applied in international transactions. To smooth fluctuations in prices and exchange rates, a special Atlas method of conversion is used by the World Bank. This applies a conversion factor that averages the exchange rate for a given year and the two preceding years, adjusted for differences in rates of inflation between the country, and through 2000, the G-5 countries (France, Germany, Japan, the United Kingdom, and the United States). From 2001, these countries include the Euro area, Japan, the United Kingdom, and the United States.","World Bank national accounts data, and OECD National Accounts data files."
NY.GNP.ATLS.CD,"GNI, Atlas method (current US$)","GNI (formerly GNP) is the sum of value added by all resident producers plus any product taxes (less subsidies) not included in the valuation of output plus net receipts of primary income (compensation of employees and property income) from abroad. Data are in current U.S. dollars. GNI, calculated in national currency, is usually converted to U.S. dollars at official exchange rates for comparisons across economies, although an alternative rate is used when the official exchange rate is judged to diverge by an exceptionally large margin from the rate actually applied in international transactions. To smooth fluctuations in prices and exchange rates, a special Atlas method of conversion is used by the World Bank. This applies a conversion factor that averages the exchange rate for a given year and the two preceding years, adjusted for differences in rates of inflation between the country, and through 2000, the G-5 countries (France, Germany, Japan, the United Kingdom, and the United States). From 2001, these countries include the Euro area, Japan, the United Kingdom, and the United States.","World Bank national accounts data, and OECD National Accounts data files."
TM.MRC.NOTX.DV.ZS,Goods (excluding arms) admitted free of tariffs from developing countries (% total merchandise imports excluding arms),"It is the proportion of duty free imports (excluding arms) into developed countries from developing and least developed countries. For the purpose of calculating this indicator, Japan in Asia, Canada and the United States in North America, Australia and New Zealand in Oceania and Iceland, Norway, Switzerland and the EU (25 countries included since 2004) in Europe are considered “developed” regions or areas, following the common accepted practice used for MDG indicators. Developing countries are those not listed as developed or transition countries. The list of least developed countries (LDCs) has been agreed by the General Assembly, on the recommendation of the Committee for Development Policy, Economic and Social Council.","United Nations Conference on Trade and Development, World Trade Organization, and International Trade Center. Data are available online at: www.mdg-trade.org."
TM.MRC.NOTX.LD.ZS,Goods (excluding arms) admitted free of tariffs from least developed countries (% total merchandise imports excluding arms),"It is the proportion of duty free imports (excluding arms) into developed countries from developing and least developed countries. For the purpose of calculating this indicator, Japan in Asia, Canada and the United States in North America, Australia and New Zealand in Oceania and Iceland, Norway, Switzerland and the EU (25 countries included since 2004) in Europe are considered “developed” regions or areas, following the common accepted practice used for MDG indicators. Developing countries are those not listed as developed or transition countries. The list of least developed countries (LDCs) has been agreed by the General Assembly, on the recommendation of the Committee for Development Policy, Economic and Social Council.","United Nations Conference on Trade and Development, World Trade Organization, and International Trade Center. Data are available online at: www.mdg-trade.org."
NE.GDI.TOTL.ZS,Gross capital formation (% of GDP),"Gross capital formation (formerly gross domestic investment) consists of outlays on additions to the fixed assets of the economy plus net changes in the level of inventories. Fixed assets include land improvements (fences, ditches, drains, and so on); plant, machinery, and equipment purchases; and the construction of roads, railways, and the like, including schools, offices, hospitals, private residential dwellings, and commercial and industrial buildings. Inventories are stocks of goods held by firms to meet temporary or unexpected fluctuations in production or sales, and "work in progress." According to the 1993 SNA, net acquisitions of valuables are also considered capital formation.","World Bank national accounts data, and OECD National Accounts data files."
SH.IMM.MEAS,"Immunization, measles (% of children ages 12-23 months)",Child immunization measures the percentage of children ages 12-23 months who received vaccinations before 12 months or at any time before the survey. A child is considered adequately immunized against measles after receiving one dose of vaccine.,WHO and UNICEF (http://www.who.int/immunization/monitoring_surveillance/en/).
SH.STA.ACSN,Improved sanitation facilities (% of population with access),"Access to improved sanitation facilities refers to the percentage of the population using improved sanitation facilities. Improved sanitation facilities are likely to ensure hygienic separation of human excreta from human contact. They include flush/pour flush (to piped sewer system, septic tank, pit latrine), ventilated improved pit (VIP) latrine, pit latrine with slab, and composting toilet.",WHO/UNICEF Joint Monitoring Programme (JMP) for Water Supply and Sanitation (http://www.wssinfo.org/).
SH.H2O.SAFE.ZS,Improved water source (% of population with access),"Access to an improved water source refers to the percentage of the population using an improved drinking water source. The improved drinking water source includes piped water on premises (piped household water connection located inside the user’s dwelling, plot or yard), and other improved drinking water sources (public taps or standpipes, tube wells or boreholes, protected dug wells, protected springs, and rainwater collection).",WHO/UNICEF Joint Monitoring Programme (JMP) for Water Supply and Sanitation (http://www.wssinfo.org/).
SH.TBS.INCD,"Incidence of tuberculosis (per 100,000 people)","Incidence of tuberculosis is the estimated number of new and relapse tuberculosis cases arising in a given year, expressed as the rate per 100,000 population. All forms of TB are included, including cases in people living with HIV. Estimates for all years are recalculated as new information becomes available and techniques are refined, so they may differ from those published previously.","World Health Organization, Global Tuberculosis Report."
SI.DST.FRST.20,Income share held by lowest 20%,Percentage share of income or consumption is the share that accrues to subgroups of population indicated by deciles or quintiles. Percentage shares by quintile may not sum to 100 because of rounding.,"World Bank, Development Research Group. Data are based on primary household survey data obtained from government statistical agencies and World Bank country departments. Data for high-income economies are from the Luxembourg Income Study database. For more information and methodology, please see PovcalNet (http://iresearch.worldbank.org/PovcalNet/index.htm)."
IT.NET.USER.P2,Internet users (per 100 people),"Internet users are individuals who have used the Internet (from any location) in the last 12 months. Internet can be used via a computer, mobile phone, personal digital assistant, games machine, digital TV etc.","International Telecommunication Union, World Telecommunication/ICT Development Report and database, and World Bank estimates."
SP.DYN.LE00.IN,"Life expectancy at birth, total (years)",Life expectancy at birth indicates the number of years a newborn infant would live if prevailing patterns of mortality at the time of its birth were to stay the same throughout its life.,"Derived from male and female life expectancy at birth from sources such as: (1) United Nations Population Division. World Population Prospects, (2) Census reports and other statistical publications from national statistical offices, (3) Eurostat: Demographic Statistics, (4) United Nations Statistical Division. Population and Vital Statistics Reprot (various years), (5) U.S. Census Bureau: International Database, and (6) Secretariat of the Pacific Community: Statistics and Demography Programme."
SE.ADT.LITR.ZS,"Literacy rate, adult total (% of people ages 15 and above)",Adult literacy rate is the percentage of people ages 15 and above who can both read and write with understanding a short simple statement about their everyday life.,"United Nations Educational, Scientific, and Cultural Organization (UNESCO) Institute for Statistics."
SE.ADT.1524.LT.FE.ZS,"Literacy rate, youth female (% of females ages 15-24)",Youth literacy rate is the percentage of people ages 15-24 who can both read and write with understanding a short simple statement about their everyday life.,"United Nations Educational, Scientific, and Cultural Organization (UNESCO) Institute for Statistics."
SE.ADT.1524.LT.MA.ZS,"Literacy rate, youth male (% of males ages 15-24)",Youth literacy rate is the percentage of people ages 15-24 who can both read and write with understanding a short simple statement about their everyday life.,"United Nations Educational, Scientific, and Cultural Organization (UNESCO) Institute for Statistics."
SE.ADT.1524.LT.ZS,"Literacy rate, youth total (% of people ages 15-24)",Youth literacy rate is the percentage of people ages 15-24 who can both read and write with understanding a short simple statement about their everyday life.,"United Nations Educational, Scientific, and Cultural Organization (UNESCO) Institute for Statistics."
SH.STA.MALR,Malaria cases reported,Reported cases of malaria are the number of confirmed cases of malaria (confirmed by slide examination or RDT).,"World Health Organization, Global Health Observatory Data Repository/World Health Statistics (http://apps.who.int/ghodata/). WHO compiles data on reported cases of malaria, submitted by the national malaria control programmes (NMCPs)."
ER.MRN.PTMR.ZS,Marine protected areas (% of territorial waters),Marine protected areas are areas of intertidal or subtidal terrain--and overlying water and associated flora and fauna and historical and cultural features--that have been reserved by law or other effective means to protect part or all of the enclosed environment.,"United Nations Environmental Program and the World Conservation Monitoring Centre, as compiled by the World Resources Institute, based on data from national authorities, national legislation and international agreements."
SH.STA.MMRT,"Maternal mortality ratio (modeled estimate, per 100,000 live births)","Maternal mortality ratio is the number of women who die from pregnancy-related causes while pregnant or within 42 days of pregnancy termination per 100,000 live births. The data are estimated with a regression model using information on the proportion of maternal deaths among non-AIDS deaths in women ages 15-49, fertility, birth attendants, and GDP.","WHO, UNICEF, UNFPA, World Bank Group, and the United Nations Population Division. Trends in Maternal Mortality: 1990 to 2015. Geneva, World Health Organization, 2015"
IT.CEL.SETS.P2,Mobile cellular subscriptions (per 100 people),"Mobile cellular telephone subscriptions are subscriptions to a public mobile telephone service that provide access to the PSTN using cellular technology. The indicator includes (and is split into) the number of postpaid subscriptions, and the number of active prepaid accounts (i.e. that have been used during the last three months). The indicator applies to all mobile cellular subscriptions that offer voice communications. It excludes subscriptions via data cards or USB modems, subscriptions to public mobile data services, private trunked mobile radio, telepoint, radio paging and telemetry services.","International Telecommunication Union, World Telecommunication/ICT Development Report and database."
SP.DYN.IMRT.IN,"Mortality rate, infant (per 1,000 live births)","Infant mortality rate is the number of infants dying before reaching one year of age, per 1,000 live births in a given year.","Estimates Developed by the UN Inter-agency Group for Child Mortality Estimation (UNICEF, WHO, World Bank, UN DESA Population Division) at www.childmortality.org. Projected data are from the United Nations Population Division's World Population Prospects; and may in some cases not be consistent with data before the current year."
SH.DYN.MORT,"Mortality rate, under-5 (per 1,000 live births)","Under-five mortality rate is the probability per 1,000 that a newborn baby will die before reaching age five, if subject to age-specific mortality rates of the specified year.","Estimates Developed by the UN Inter-agency Group for Child Mortality Estimation (UNICEF, WHO, World Bank, UN DESA Population Division) at www.childmortality.org. Projected data are from the United Nations Population Division's World Population Prospects; and may in some cases not be consistent with data before the current year."
DC.ODA.TLDC.GN.ZS,Net ODA provided to the least developed countries (% of GNI),"Net Official development assistance (ODA) comprises grants or loans to developing countries and territories on the OECD/DAC list of aid recipients that are undertaken by the official sector with promotion of economic development and welfare as the main objective and at concessional financial terms. The list of least developed countries (LDCs) has been agreed by the General Assembly, on the recommendation of the Committee for Development Policy, Economic and Social Council. Series is shown as a share of donors' GNI.","Development Assistance Committee of the Organisation for Economic Co-operation and Development, Geographical Distribution of Financial Flows to Developing Countries, Development Co-operation Report, and International Development Statistics database. Data are available online at: www.oecd.org/dac/stats/idsonline."
DC.ODA.TLDC.CD,"Net ODA provided, to the least developed countries (current US$)","Net Official development assistance (ODA) comprises grants or loans to developing countries and territories on the OECD/DAC list of aid recipients that are undertaken by the official sector with promotion of economic development and welfare as the main objective and at concessional financial terms. The list of least developed countries (LDCs) has been agreed by the General Assembly, on the recommendation of the Committee for Development Policy, Economic and Social Council.","Development Assistance Committee of the Organisation for Economic Co-operation and Development, Geographical Distribution of Financial Flows to Developing Countries, Development Co-operation Report, and International Development Statistics database. Data are available online at: www.oecd.org/dac/stats/idsonline."
DC.ODA.TOTL.GN.ZS,"Net ODA provided, total (% of GNI)",Net Official development assistance (ODA) comprises grants or loans to developing countries and territories on the OECD/DAC list of aid recipients that are undertaken by the official sector with promotion of economic development and welfare as the main objective and at concessional financial terms. It is shown as a share of donors' GNI.,"Development Assistance Committee of the Organisation for Economic Co-operation and Development, Geographical Distribution of Financial Flows to Developing Countries, Development Co-operation Report, and International Development Statistics database. Data are available online at: www.oecd.org/dac/stats/idsonline."
DC.ODA.TOTL.KD,"Net ODA provided, total (constant 2012 US$)",Net Official development assistance (ODA) comprises grants or loans to developing countries and territories on the OECD/DAC list of aid recipients that are undertaken by the official sector with promotion of economic development and welfare as the main objective and at concessional financial terms. Data are in constant 2011 U.S. dollars.,"Development Assistance Committee of the Organisation for Economic Co-operation and Development, Geographical Distribution of Financial Flows to Developing Countries, Development Co-operation Report, and International Development Statistics database. Data are available online at: www.oecd.org/dac/stats/idsonline."
DC.ODA.TOTL.CD,"Net ODA provided, total (current US$)",Net Official development assistance (ODA) comprises grants or loans to developing countries and territories on the OECD/DAC list of aid recipients that are undertaken by the official sector with promotion of economic development and welfare as the main objective and at concessional financial terms.,"Development Assistance Committee of the Organisation for Economic Co-operation and Development, Geographical Distribution of Financial Flows to Developing Countries, Development Co-operation Report, and International Development Statistics database. Data are available online at: www.oecd.org/dac/stats/idsonline."
DT.ODA.ODAT.GN.ZS,Net ODA received (% of GNI),"Net official development assistance (ODA) consists of disbursements of loans made on concessional terms (net of repayments of principal) and grants by official agencies of the members of the Development Assistance Committee (DAC), by multilateral institutions, and by non-DAC countries to promote economic development and welfare in countries and territories in the DAC list of ODA recipients. It includes loans with a grant element of at least 25 percent (calculated at a rate of discount of 10 percent).","Development Assistance Committee of the Organisation for Economic Co-operation and Development, Geographical Distribution of Financial Flows to Developing Countries, Development Co-operation Report, and International Development Statistics database. Data are available online at: www.oecd.org/dac/stats/idsonline. World Bank GNI estimates are used for the denominator."
DT.ODA.ODAT.PC.ZS,Net ODA received per capita (current US$),"Net official development assistance (ODA) per capita consists of disbursements of loans made on concessional terms (net of repayments of principal) and grants by official agencies of the members of the Development Assistance Committee (DAC), by multilateral institutions, and by non-DAC countries to promote economic development and welfare in countries and territories in the DAC list of ODA recipients; and is calculated by dividing net ODA received by the midyear population estimate. It includes loans with a grant element of at least 25 percent (calculated at a rate of discount of 10 percent).","Development Assistance Committee of the Organisation for Economic Co-operation and Development, Geographical Distribution of Financial Flows to Developing Countries, Development Co-operation Report, and International Development Statistics database. Data are available online at: www.oecd.org/dac/stats/idsonline. World Bank population estimates are used for the denominator."
DT.ODA.ALLD.CD,Net official development assistance and official aid received (current US$),"Net official development assistance (ODA) consists of disbursements of loans made on concessional terms (net of repayments of principal) and grants by official agencies of the members of the Development Assistance Committee (DAC), by multilateral institutions, and by non-DAC countries to promote economic development and welfare in countries and territories in the DAC list of ODA recipients. It includes loans with a grant element of at least 25 percent (calculated at a rate of discount of 10 percent). Net official aid refers to aid flows (net of repayments) from official donors to countries and territories in part II of the DAC list of recipients: more advanced countries of Central and Eastern Europe, the countries of the former Soviet Union, and certain advanced developing countries and territories. Official aid is provided under terms and conditions similar to those for ODA. Part II of the DAC List was abolished in 2005. The collection of data on official aid and other resource flows to Part II countries ended with 2004 data. Data are in current U.S. dollars.","Development Assistance Committee of the Organisation for Economic Co-operation and Development, Geographical Distribution of Financial Flows to Developing Countries, Development Co-operation Report, and International Development Statistics database. Data are available online at: www.oecd.org/dac/stats/idsonline."
DT.ODA.ODAT.CD,Net official development assistance received (current US$),"Net official development assistance (ODA) consists of disbursements of loans made on concessional terms (net of repayments of principal) and grants by official agencies of the members of the Development Assistance Committee (DAC), by multilateral institutions, and by non-DAC countries to promote economic development and welfare in countries and territories in the DAC list of ODA recipients. It includes loans with a grant element of at least 25 percent (calculated at a rate of discount of 10 percent). Data are in current U.S. dollars.","Development Assistance Committee of the Organisation for Economic Co-operation and Development, Geographical Distribution of Financial Flows to Developing Countries, Development Co-operation Report, and International Development Statistics database. Data are available online at: www.oecd.org/dac/stats/idsonline."
SH.HIV.KNOW.FE.ZS,% of females ages 15-49 having comprehensive correct knowledge about HIV (2 prevent ways and reject 3 misconceptions),"Knowledge of HIV is the percentage of respondents who correctly identify the two major ways of preventing the sexual transmission of HIV (using condoms and limiting sex to one faithful, uninfected partner), who reject the two most common local misconceptions about HIV transmission, and who know that a healthy-looking person can have HIV.",Household surveys such as Demographic and Health Surveys and Multiple Indicator Cluster Surveys.  Largely compiled by UNICEF.
SH.HIV.KNOW.MA.ZS,% of males ages 15-49 having comprehensive correct knowledge about HIV (2 prevent ways and reject 3 misconceptions),"Knowledge of HIV is the percentage of respondents who correctly identify the two major ways of preventing the sexual transmission of HIV (using condoms and limiting sex to one faithful, uninfected partner), who reject the two most common local misconceptions about HIV transmission, and who know that a healthy-looking person can have HIV.",Household surveys such as Demographic and Health Surveys and Multiple Indicator Cluster Surveys.  Largely compiled by UNICEF.
SE.PRM.PRSL.FE.ZS,"Persistence to last grade of primary, female (% of cohort)",Persistence to last grade of primary is the percentage of children enrolled in the first grade of primary school who eventually reach the last grade of primary education. The estimate is based on the reconstructed cohort method.,"United Nations Educational, Scientific, and Cultural Organization (UNESCO) Institute for Statistics."
SE.PRM.PRSL.MA.ZS,"Persistence to last grade of primary, male (% of cohort)",Persistence to last grade of primary is the percentage of children enrolled in the first grade of primary school who eventually reach the last grade of primary education. The estimate is based on the reconstructed cohort method.,"United Nations Educational, Scientific, and Cultural Organization (UNESCO) Institute for Statistics."
SE.PRM.PRSL.ZS,"Persistence to last grade of primary, total (% of cohort)",Persistence to last grade of primary is the percentage of children enrolled in the first grade of primary school who eventually reach the last grade of primary education. The estimate is based on the reconstructed cohort method.,"United Nations Educational, Scientific, and Cultural Organization (UNESCO) Institute for Statistics."
EN.POP.SLUM.UR.ZS,Population living in slums (% of urban population),"Population living in slums is the proportion of the urban population living in slum households. A slum household is defined as a group of individuals living under the same roof lacking one or more of the following conditions: access to improved water, access to improved sanitation, sufficient living area, and durability of housing.","UN HABITAT, retrieved from the United Nation's Millennium Development Goals database. Data are available at : http://mdgs.un.org/"
SP.POP.TOTL,"Population, total","Total population is based on the de facto definition of population, which counts all residents regardless of legal status or citizenship. The values shown are midyear estimates.","(1) United Nations Population Division. World Population Prospects, (2) Census reports and other statistical publications from national statistical offices, (3) Eurostat: Demographic Statistics, (4) United Nations Statistical Division. Population and Vital Statistics Report (various years), (5) U.S. Census Bureau: International Database, and (6) Secretariat of the Pacific Community: Statistics and Demography Programme."
SI.POV.GAPS,Poverty gap at $1.90 a day (2011 PPP) (%),"Poverty gap at $1.90 a day (2011 PPP) is the mean shortfall in income or consumption from the poverty line $1.90 a day (counting the nonpoor as having zero shortfall), expressed as a percentage of the poverty line. This measure reflects the depth of poverty as well as its incidence. As a result of revisions in PPP exchange rates, poverty rates for individual countries cannot be compared with poverty rates reported in earlier editions.","World Bank, Development Research Group. Data are based on primary household survey data obtained from government statistical agencies and World Bank country departments. Data for high-income economies are from the Luxembourg Income Study database. For more information and methodology, please see PovcalNet (http://iresearch.worldbank.org/PovcalNet/index.htm)."
SI.POV.GAP2,Poverty gap at $3.10 a day (2011 PPP) (%),"Poverty gap at $3.10 a day (2011 PPP) is the mean shortfall in income or consumption from the poverty line $3.10 a day (counting the nonpoor as having zero shortfall), expressed as a percentage of the poverty line. This measure reflects the depth of poverty as well as its incidence. As a result of revisions in PPP exchange rates, poverty rates for individual countries cannot be compared with poverty rates reported in earlier editions.","World Bank, Development Research Group. Data are based on primary household survey data obtained from government statistical agencies and World Bank country departments. Data for high-income economies are from the Luxembourg Income Study database. For more information and methodology, please see PovcalNet (http://iresearch.worldbank.org/PovcalNet/index.htm)."
SI.POV.NAGP,Poverty gap at national poverty lines (%),Poverty gap at national poverty lines is the mean shortfall from the poverty lines (counting the nonpoor as having zero shortfall) as a percentage of the poverty lines. This measure reflects the depth of poverty as well as its incidence.,"World Bank, Global Poverty Working Group. Data are compiled from official government sources or are computed by World Bank staff using national (i.e. country–specific) poverty lines."
SI.POV.DDAY,Poverty headcount ratio at $1.90 a day (2011 PPP) (% of population),"Poverty headcount ratio at $1.90 a day is the percentage of the population living on less than $1.90 a day at 2011 international prices. As a result of revisions in PPP exchange rates, poverty rates for individual countries cannot be compared with poverty rates reported in earlier editions.","World Bank, Development Research Group. Data are based on primary household survey data obtained from government statistical agencies and World Bank country departments. Data for high-income economies are from the Luxembourg Income Study database. For more information and methodology, please see PovcalNet (http://iresearch.worldbank.org/PovcalNet/index.htm)."
SI.POV.2DAY,Poverty headcount ratio at $3.10 a day (2011 PPP) (% of population),"Poverty headcount ratio at $3.10 a day is the percentage of the population living on less than $3.10 a day at 2011 international prices. As a result of revisions in PPP exchange rates, poverty rates for individual countries cannot be compared with poverty rates reported in earlier editions.","World Bank, Development Research Group. Data are based on primary household survey data obtained from government statistical agencies and World Bank country departments. Data for high-income economies are from the Luxembourg Income Study database. For more information and methodology, please see PovcalNet (http://iresearch.worldbank.org/PovcalNet/index.htm)."
SI.POV.NAHC,Poverty headcount ratio at national poverty lines (% of population),National poverty headcount ratio is the percentage of the population living below the national poverty lines. National estimates are based on population-weighted subgroup estimates from household surveys.,"World Bank, Global Poverty Working Group. Data are compiled from official government sources or are computed by World Bank staff using national (i.e. country–specific) poverty lines."
PA.NUS.PPP,"PPP conversion factor, GDP (LCU per international $)",Purchasing power parity conversion factor is the number of units of a country's currency required to buy the same amounts of goods and services in the domestic market as U.S. dollar would buy in the United States. This conversion factor is for GDP. For most economies PPP figures are extrapolated from the 2011 International Comparison Program (ICP) benchmark estimates or imputed using a statistical model based on the 2011 ICP. For 47 high- and upper middle-income economies conversion factors are provided by Eurostat and the Organisation for Economic Co-operation and Development (OECD).,"World Bank, International Comparison Program database."
PA.NUS.PRVT.PP,"PPP conversion factor, private consumption (LCU per international $)","Purchasing power parity conversion factor is the number of units of a country's currency required to buy the same amounts of goods and services in the domestic market as U.S. dollar would buy in the United States. This conversion factor is for private consumption (i.e., household final consumption expenditure). For most economies PPP figures are extrapolated from the 2011 International Comparison Program (ICP) benchmark estimates or imputed using a statistical model based on the 2011 ICP. For 47 high- and upper middle-income economies conversion factors are provided by Eurostat and the Organisation for Economic Co-operation and Development (OECD).","World Bank, International Comparison Program database."
SH.STA.ANVC.ZS,Pregnant women receiving prenatal care (%),Pregnant women receiving prenatal care are the percentage of women attended at least once during pregnancy by skilled health personnel for reasons related to pregnancy.,"UNICEF, State of the World's Children, Childinfo, and Demographic and Health Surveys."
SH.STA.ANV4.ZS,Pregnant women receiving prenatal care of at least four visits (% of pregnant women),"Pregnant women receiving prenatal care, at least four times, are the percentage of women attended at least four times during pregnancy by skilled health personnel for reasons related to pregnancy.","UNICEF, State of the World's Children, Childinfo, and Demographic and Health Surveys."
SH.HIV.1524.FE.ZS,"Prevalence of HIV, female (% ages 15-24)",Prevalence of HIV is the percentage of people who are infected with HIV. Youth rates are as a percentage of the relevant age group.,UNAIDS estimates.
SH.HIV.1524.MA.ZS,"Prevalence of HIV, male (% ages 15-24)",Prevalence of HIV is the percentage of people who are infected with HIV. Youth rates are as a percentage of the relevant age group.,UNAIDS estimates.
SH.DYN.AIDS.ZS,"Prevalence of HIV, total (% of population ages 15-49)",Prevalence of HIV refers to the percentage of people ages 15-49 who are infected with HIV.,UNAIDS estimates.
SN.ITK.DEFC.ZS,Prevalence of undernourishment (% of population),Population below minimum level of dietary energy consumption (also referred to as prevalence of undernourishment) shows the percentage of the population whose food intake is insufficient to meet dietary energy requirements continuously. Data showing as 5 signifies a prevalence of undernourishment below 5%.,Food and Agriculture Organization (http://www.fao.org/publications/en/).
SH.STA.MALN.ZS,"Prevalence of underweight, weight for age (% of children under 5)",Prevalence of underweight children is the percentage of children under age 5 whose weight for age is more than two standard deviations below the median for the international reference population ages 0-59 months. The data are based on the WHO's new child growth standards released in 2006.,"World Health Organization, Global Database on Child Growth and Malnutrition. Country-level data are unadjusted data from national surveys, and thus may not be comparable across countries. Adjusted, comparable data are available at http://www.who.int/nutgrowthdb/en. Aggregation is based on UNICEF, WHO, and the World Bank harmonized dataset (adjusted, comparable data) and methodology."
SE.PRM.CMPT.ZS,"Primary completion rate, total (% of relevant age group)","Primary completion rate, or gross intake ratio to the last grade of primary education, is the number of new entrants (enrollments minus repeaters) in the last grade of primary education, regardless of age, divided by the population at the entrance age for the last grade of primary education. Data limitations preclude adjusting for students who drop out during the final year of primary education.","United Nations Educational, Scientific, and Cultural Organization (UNESCO) Institute for Statistics."
SG.GEN.PARL.ZS,Proportion of seats held by women in national parliaments (%),Women in parliaments are the percentage of parliamentary seats in a single or lower chamber held by women.,Inter-Parliamentary Union (IPU) (www.ipu.org).
SE.ENR.ORPH,Ratio of school attendance of orphans to school attendance of non-orphans ages 10-14,Ratio of school attendance of orphans to school attendance of non orphans is the ratio of school attendance of orphans to school attendance of non orphans ages 10-14.,"Household surveys such as Demographic and Health Surveys (DHS) , Multiple Indicator Cluster Surveys (MICS), Reproductive Health Surveys (RHS) and AIDS Indicator Surveys (AIS), maintained in UNICEF Global Databases."
ER.H2O.INTR.PC,Renewable internal freshwater resources per capita (cubic meters),Renewable internal freshwater resources flows refer to internal renewable resources (internal river flows and groundwater from rainfall) in the country. Renewable internal freshwater resources per capita are calculated using the World Bank's population estimates.,"Food and Agriculture Organization, AQUASTAT data."
SI.POV.RUGP,Rural poverty gap at national poverty lines (%),Rural poverty gap at national poverty lines is the rural population's mean shortfall from the poverty lines (counting the nonpoor as having zero shortfall) as a percentage of the poverty lines. This measure reflects the depth of poverty as well as its incidence.,"World Bank, Global Poverty Working Group. Data are compiled from official government sources or are computed by World Bank staff using national (i.e. country–specific) poverty lines."
SI.POV.RUHC,Rural poverty headcount ratio at national poverty lines (% of rural population),Rural poverty headcount ratio is the percentage of the rural population living below the national poverty lines.,"World Bank, Global Poverty Working Group. Data are compiled from official government sources or are computed by World Bank staff using national (i.e. country–specific) poverty lines."
SE.PRM.NENR,"School enrollment, primary (% net)","Net enrollment rate is the ratio of children of official school age who are enrolled in school to the population of the corresponding official school age. Primary education provides children with basic reading, writing, and mathematics skills along with an elementary understanding of such subjects as history, geography, natural science, social science, art, and music.","United Nations Educational, Scientific, and Cultural Organization (UNESCO) Institute for Statistics."
SE.ENR.PRIM.FM.ZS,"School enrollment, primary (gross), gender parity index (GPI)",Gender parity index for gross enrollment ratio in primary education is the ratio of girls to boys enrolled at primary level in public and private schools.,"United Nations Educational, Scientific, and Cultural Organization (UNESCO) Institute for Statistics."
SE.ENR.PRSC.FM.ZS,"School enrollment, primary and secondary (gross), gender parity index (GPI)",Gender parity index for gross enrollment ratio in primary and secondary education is the ratio of girls to boys enrolled at primary and secondary levels in public and private schools.,"United Nations Educational, Scientific, and Cultural Organization (UNESCO) Institute for Statistics."
SE.ENR.SECO.FM.ZS,"School enrollment, secondary (gross), gender parity index (GPI)",Gender parity index for gross enrollment ratio in secondary education is the ratio of girls to boys enrolled at secondary level in public and private schools.,"United Nations Educational, Scientific, and Cultural Organization (UNESCO) Institute for Statistics."
SE.ENR.TERT.FM.ZS,"School enrollment, tertiary (gross), gender parity index (GPI)",Gender parity index for gross enrollment ratio in tertiary education is the ratio of women to men enrolled at tertiary level in public and private schools.,"United Nations Educational, Scientific, and Cultural Organization (UNESCO) Institute for Statistics."
SL.EMP.SELF.FE.ZS,"Self-employed, female (% of female employment)","Self-employed workers are those workers who, working on their own account or with one or a few partners or in cooperative, hold the type of jobs defined as a "self-employment jobs." i.e. jobs where the remuneration is directly dependent upon the profits derived from the goods and services produced. Self-employed workers include four sub-categories of employers, own-account workers, members of producers' cooperatives, and contributing family workers.","International Labour Organization, Key Indicators of the Labour Market database."
SL.EMP.SELF.MA.ZS,"Self-employed, male (% of male employment)","Self-employed workers are those workers who, working on their own account or with one or a few partners or in cooperative, hold the type of jobs defined as a "self-employment jobs." i.e. jobs where the remuneration is directly dependent upon the profits derived from the goods and services produced. Self-employed workers include four sub-categories of employers, own-account workers, members of producers' cooperatives, and contributing family workers.","International Labour Organization, Key Indicators of the Labour Market database."
SL.EMP.SELF.ZS,"Self-employed, total (% of total employment)","Self-employed workers are those workers who, working on their own account or with one or a few partners or in cooperative, hold the type of jobs defined as a "self-employment jobs." i.e. jobs where the remuneration is directly dependent upon the profits derived from the goods and services produced. Self-employed workers include four sub-categories of employers, own-account workers, members of producers' cooperatives, and contributing family workers.","International Labour Organization, Key Indicators of the Labour Market database."
SL.EMP.INSV.FE.ZS,Share of women in wage employment in the nonagricultural sector (% of total nonagricultural employment),"Share of women in wage employment in the nonagricultural sector is the share of female workers in wage employment in the nonagricultural sector (industry and services), expressed as a percentage of total employment in the nonagricultural sector. Industry includes mining and quarrying (including oil production), manufacturing, construction, electricity, gas, and water, corresponding to divisions 2-5 (ISIC revision 2) or tabulation categories C-F (ISIC revision 3). Services include wholesale and retail trade and restaurants and hotels; transport, storage, and communications; financing, insurance, real estate, and business services; and community, social, and personal services-corresponding to divisions 6-9 (ISIC revision 2) or tabulation categories G-P (ISIC revision 3).","International Labour Organization, Key Indicators of the Labour Market database."
DT.HPC.STTS,Status under enhanced HIPC initiative,"Indicator shows the status of heavily indebted poor countries country under the enhanced HIPC initiative. Heavily indebted poor countries reach HIPC decision point if they have a track record of macroeconomic stability, have prepared an Interim Poverty Reduction Strategy through a participatory process, and have cleared or reached an agreement on a process to clear, the outstanding arrears to multilateral creditors. The amount of debt relief necessary to bring countries’ debt indicators to HIPC thresholds is calculated, and countries begin receiving debt relief. Heavily indebted poor countries reach HIPC completion point if they maintain macroeconomic stability under a Poverty Reduction and Growth Facility (PRGF) supported program, carry out key structural and social reforms agreed on at the decision point, and implement satisfactorily Poverty Reduction Strategy for one year. Debt relief is then provided irrevocably by the country’s creditors.","World Bank, Economic Policy and Debt Department."
ER.LND.PTLD.ZS,Terrestrial protected areas (% of total land area),"Terrestrial protected areas are totally or partially protected areas of at least 1,000 hectares that are designated by national authorities as scientific reserves with limited public access, national parks, natural monuments, nature reserves or wildlife sanctuaries, protected landscapes, and areas managed mainly for sustainable use. Marine areas, unclassified areas, littoral (intertidal) areas, and sites protected under local or provincial law are excluded.","United Nations Environmental Program and the World Conservation Monitoring Centre, as compiled by the World Resources Institute, based on data from national authorities, national legislation and international agreements."
DC.ODA.COMM.CD,Total bilateral ODA commitments (current US$),"Bilateral official development assistance (ODA) commitments are firm obligations, expressed in writing and backed by the necessary funds, undertaken by official bilateral donors to provide specified assistance to a recipient country or a multilateral organization. Bilateral commitments are recorded in the full amount of expected transfer, irrespective of the time required for completing disbursements. OECD DAC.","Development Assistance Committee of the Organisation for Economic Co-operation and Development, Geographical Distribution of Financial Flows to Developing Countries, Development Co-operation Report, and International Development Statistics database. Data are available online at: www.oecd.org/dac/stats/idsonline."
DC.ODA.COMM.SA.CD,Total bilateral sector allocable ODA commitments (current US$),"Bilateral official development assistance (ODA) commitments are firm obligations, expressed in writing and backed by the necessary funds, undertaken by official bilateral donors to provide specified assistance to a recipient country or a multilateral organization. Bilateral commitments are recorded in the full amount of expected transfer, irrespective of the time required for completing disbursements. Total sector-allocable aid is the sum of aid that can be assigned to specific sectors or multisector activities. OECD DAC.","Development Assistance Committee of the Organisation for Economic Co-operation and Development, Geographical Distribution of Financial Flows to Developing Countries, Development Co-operation Report, and International Development Statistics database. Data are available online at: www.oecd.org/dac/stats/idsonline."
DT.TDS.DECT.EX.ZS,"Total debt service (% of exports of goods, services and primary income)","Total debt service is the sum of principal repayments and interest actually paid in currency, goods, or services on long-term debt, interest paid on short-term debt, and repayments (repurchases and charges) to the IMF.","World Bank, International Debt Statistics."
NE.TRD.GNFS.ZS,Trade (% of GDP),Trade is the sum of exports and imports of goods and services measured as a share of gross domestic product.,"World Bank national accounts data, and OECD National Accounts data files."
SH.TBS.DTEC.ZS,"Tuberculosis case detection rate (%, all forms)","Tuberculosis case detection rate (all forms) is the number of new and relapse tuberculosis cases notified to WHO in a given year, divided by WHO's estimate of the number of incident tuberculosis cases for the same year, expressed as a percentage. Estimates for all years are recalculated as new information becomes available and techniques are refined, so they may differ from those published previously.","World Health Organization, Global Tuberculosis Report."
SH.TBS.MORT,"Tuberculosis death rate (per 100,000 people)","Tuberculosis death rate is the estimated number of deaths from tuberculosis among HIV-negative people, expressed as the rate per 100,000 population. Estimates for all years are recalculated as new information becomes available and techniques are refined, so they may differ from those published previously.","World Health Organization, Global Tuberculosis Report."
SH.TBS.CURE.ZS,Tuberculosis treatment success rate (% of new cases),"Tuberculosis treatment success rate is the percentage of all new tuberculosis cases (or new and relapse cases for some countries) registered under a national tuberculosis control programme in a given year that successfully completed treatment, with or without bacteriological evidence of success ("cured" and "treatment completed" respectively).","World Health Organization, Global Tuberculosis Report."
SP.UWT.TFRT,Unmet need for contraception (% of married women ages 15-49),"Unmet need for contraception is the percentage of fertile, married women of reproductive age who do not want to become pregnant and are not using contraception.","Household surveys, including Demographic and Health Surveys and Multiple Indicator Cluster Surveys. Largely compiled by United Nations Population Division."
SI.POV.URGP,Urban poverty gap at national poverty lines (%),Urban poverty gap at national poverty lines is the urban population's mean shortfall from the poverty lines (counting the nonpoor as having zero shortfall) as a percentage of the poverty lines. This measure reflects the depth of poverty as well as its incidence.,"World Bank, Global Poverty Working Group. Data are compiled from official government sources or are computed by World Bank staff using national (i.e. country–specific) poverty lines."
SI.POV.URHC,Urban poverty headcount ratio at national poverty lines (% of urban population),Urban poverty headcount ratio is the percentage of the urban population living below the national poverty lines.,"World Bank, Global Poverty Working Group. Data are compiled from official government sources or are computed by World Bank staff using national (i.e. country–specific) poverty lines."
SH.MLR.NETS.ZS,Use of insecticide-treated bed nets (% of under-5 population),Use of insecticide-treated bed nets refers to the percentage of children under age five who slept under an insecticide-treated bednet to prevent malaria.,"UNICEF, State of the World's Children, Childinfo, and Demographic and Health Surveys."
SL.EMP.VULN.FE.ZS,"Vulnerable employment, female (% of female employment)",Vulnerable employment is unpaid family workers and own-account workers as a percentage of total employment.,"International Labour Organization, Key Indicators of the Labour Market database."
SL.EMP.VULN.MA.ZS,"Vulnerable employment, male (% of male employment)",Vulnerable employment is unpaid family workers and own-account workers as a percentage of total employment.,"International Labour Organization, Key Indicators of the Labour Market database."
SL.EMP.VULN.ZS,"Vulnerable employment, total (% of total employment)",Vulnerable employment is unpaid family workers and own-account workers as a percentage of total employment.,"International Labour Organization, Key Indicators of the Labour Market database."
